date	prevalence_ss	number_victims	state
2008-09-09	7.955449482895784		
2008-09-10	7.704160246533128		
2008-09-11	14.102564102564102		
2008-09-12	7.58150113722517		
2008-09-13	6.385696040868455		
2008-09-14	0.0		
2008-09-15	18.477457501847745		
2008-09-16	39.72278461685512		
2008-09-17	39.89030167040638		
2008-09-18	38.07418324735937		
2008-09-19	8.345255126371006		
2008-09-20	8.54075158613958		
2008-09-21	13.151602104256337		
2008-09-22	3.597122302158273		
2008-09-23	460.3174603174603		
2008-09-24	124.15349887133183		
2008-09-25	57.052682689973295		
2008-09-26	7.3322831874412655		
2008-09-27	3.563791874554526		
2008-09-28	55.20312990001186		
2008-09-29	9.456264775413711		
2008-09-30	25.931164545025933		
2008-10-01	25.252525252525253		
2008-10-02	12.183235867446394		
2008-10-03	13.039339687838208		
2008-10-04	8.297771455666192		
2008-10-05	16.73840267814443		
2008-10-06	22.520947444405856		
2008-10-07	21.758671850670236		
2008-10-08	20.50564508347004		
2008-10-09	22.7653965971723		
2008-10-10	15.611977509145015		
2008-10-11	4.796163069544365		
2008-10-12	17.780938833570413		
2008-10-13	29.804482594182165	1.0	TX
2008-10-14	16.619183285849953		
2008-10-15	16.920473773265652		
2008-10-16	34.94818028440588		
2008-10-17	32.63234227701233		
2008-10-18	12.156576707999028		
2008-10-19	14.367816091954023		
2008-10-20	17.806267806267805		
2008-10-21	27.283511269276392		
2008-10-22	40.7673860911271		
2008-10-23	21.12673576674206		
2008-10-24	11.862396204033216		
2008-10-25	19.226147560682527		
2008-10-26	10.699001426533524	2.0	AR
2008-10-27	46.36228440051783		
2008-10-28	19.12960306073649		
2008-10-29	17.857142857142858		
2008-10-30	7.15307582260372		
2008-10-31	13.198944084473242		
2008-11-01	16.525023607176582		
2008-11-02	12.956419316843345		
2008-11-03	10.691375623663578		
2008-11-04	7.067137809187279		
2008-11-05	17.692852087756545		
2008-11-06	20.41306436119116		
2008-11-07	17.793594306049823		
2008-11-08	7.142857142857143		
2008-11-09	5.969436485195797		
2008-11-10	15.465143944801332		
2008-11-11	11.947431302270012		
2008-11-12	36.74723002936222	1.0	FL
2008-11-13	19.173042701961045		
2008-11-14	15.34466477809254		
2008-11-15	13.020833333333334		
2008-11-16	9.789525208027412		
2008-11-17	16.835016835016834		
2008-11-18	18.924007942676475		
2008-11-19	23.35299901671583		
2008-11-20	7.541478129713424		
2008-11-21	31.815956926089086		
2008-11-22	10.893246187363834		
2008-11-23	4.9714143673875215		
2008-11-24	13.98423595219934		
2008-11-25	11.26126126126126		
2008-11-26	3.7792894935752077		
2008-11-27	5.089058524173028		
2008-11-28	9.935419771485344		
2008-11-29	8.478671900833453		
2008-11-30	6.131959774343881		
2008-12-01	9.935419771485344		
2008-12-02	15.094320636074672		
2008-12-03	3.690036900369004		
2008-12-04	13.198944084473242		
2008-12-05	12.281994595922377		
2008-12-06	4.967709885742672		
2008-12-07	22.779043280182233		
2008-12-08	9.768009768009769		
2008-12-09	14.716703458425313		
2008-12-10	8.51581508515815		
2008-12-11	32.967032967032964		
2008-12-12	11.102886750555145		
2008-12-13	11.07011070110701		
2008-12-14	11.691348402182385		
2008-12-15	9.718172983479105		
2008-12-16	18.059855521155832		
2008-12-17	11.26126126126126		
2008-12-18	9.469696969696969		
2008-12-19	8.572128337007102		
2008-12-20	3.6845983787767134		
2008-12-21	11.135857461024498		
2008-12-22	14.716685410000723		
2008-12-23	14.869888475836431		
2008-12-24	6.029922889346091		
2008-12-25	6.3564708873633355		
2008-12-26	7.363761212860563		
2008-12-27	6.131959774343881		
2008-12-28	12.05109664979513		
2008-12-29	0.0		
2008-12-30	4.880429477794046		
2008-12-31	6.0960741282613995		
2009-01-01	13.294657964708726		
2009-01-02	4.782400765184122		
2009-01-03	4.855547462976451		
2009-01-04	4.848484848484849		
2009-01-05	10.972933430870519		
2009-01-06	17.08150317227916		
2009-01-07	27.93974732750243		
2009-01-08	40.67958841828189		
2009-01-09	33.79193820902727		
2009-01-10	40.62126642771804		
2009-01-11	21.44388849177984		
2009-01-12	13.333333333333334		
2009-01-13	10.814708002883922		
2009-01-14	11.973180076628353		
2009-01-15	13.198975759481064		
2009-01-16	6.127450980392157		
2009-01-17	12.1300339640951		
2009-01-18	10.85383502170767		
2009-01-19	16.786570743405274		
2009-01-20	12.112403100775193		
2009-01-21	17.504376094023506		
2009-01-22	18.573551263001487		
2009-01-23	60.74411541381929	1.0	IL
2009-01-24	15.598752099832014		
2009-01-25	20.741825280624695		
2009-01-26	3.625815808556925		
2009-01-27	8.706467661691542		
2009-01-28	8.472524812394093		
2009-01-29	13.480392156862745		
2009-01-30	13.671389510315684		
2009-01-31	10.869565217391305		
2009-02-01	14.803849000740193		
2009-02-02	43.38394793926247		
2009-02-03	11.127596439169139		
2009-02-04	3.615324638075876		
2009-02-05	6.082725060827251		
2009-02-06	7.262164124909223		
2009-02-07	8.411439557798607	1.0	TX
2009-02-08	4.901960784313726		
2009-02-09	14.727540500736376		
2009-02-10	14.695059153736034		
2009-02-11	17.348203221809168		
2009-02-12	15.666425644733671		
2009-02-13	13.570194917345177		
2009-02-14	8.706640928177675		
2009-02-15	3.717472118959108		
2009-02-16	14.651996761908716		
2009-02-17	6.140997297961189		
2009-02-18	15.983725661145016		
2009-02-19	14.619883040935672		
2009-02-20	18.532246108228318		
2009-02-21	3.690036900369004		
2009-02-22	8.603736479842674		
2009-02-23	11.013215859030836		
2009-02-24	13.500245459008346		
2009-02-25	4.8344210780759		
2009-02-26	14.48225923244026		
2009-02-27	17.89549033643522		
2009-02-28	8.411439557798607		
2009-03-01	7.22543352601156		
2009-03-02	8.280104092737165		
2009-03-03	9.530617107457708		
2009-03-04	7.163323782234957		
2009-03-05	12.068549360366884		
2009-03-06	10.822575893313452		
2009-03-07	9.633899766498354		
2009-03-08	5.016302984700276		
2009-03-09	22.149068770089897	1.0	FL
2009-03-10	19.464720194647203		
2009-03-11	411.91832858499527		
2009-03-12	118.79035422323707		
2009-03-13	42.80691025837028		
2009-03-14	33.5973122150228		
2009-03-15	20.38369304556355		
2009-03-16	485.2767962308598		
2009-03-17	107.22059207210943		
2009-03-18	33.62151777137368		
2009-03-19	20.26704816404387		
2009-03-20	10.585744530698658		
2009-03-21	20.398368130549557		
2009-03-22	15.907978463044543		
2009-03-23	15.81506591841129		
2009-03-24	15.587529976019185		
2009-03-25	14.587892049598834		
2009-03-26	14.45086705202312		
2009-03-27	20.925652387986215		
2009-03-28	6.047411707789066		
2009-03-29	12.138868657441126		
2009-03-30	15.67776169802219		
2009-03-31	6.098312109174422		
2009-04-01	10.108668182966895		
2009-04-02	15.757575757575758	1.0	VA
2009-04-03	29.325513196480937		
2009-04-04	13.333333333333334		
2009-04-05	15.815085158150852		
2009-04-06	21.081767495386813		
2009-04-07	4.862630683199611		
2009-04-08	6.051949938270111		
2009-04-09	24.54683474702646		
2009-04-10	37.68538779479699	1.0	MI
2009-04-11	14.781966001478196		
2009-04-12	4.923846558169708		
2009-04-13	9.818360333824252		
2009-04-14	7.246376811594203		
2009-04-15	12.138868657441126		
2009-04-16	14.781966001478196		
2009-04-17	16.98204754973314		
2009-04-18	8.429672447013488		
2009-04-19	11.389521640091116		
2009-04-20	62.84747401498671		
2009-04-21	20.486839615763298		
2009-04-22	12.24589762429586		
2009-04-23	15.70048309178744		
2009-04-24	15.803549720398737		
2009-04-25	9.73945734178556		
2009-04-26	30.659761270834842		
2009-04-27	8.54075158613958		
2009-04-28	12.550200803212851		
2009-04-29	8.55327468230694		
2009-04-30	26.570048309178745		
2009-05-01	16.895969104513636		
2009-05-02	4.898359049718344		
2009-05-03	14.598540145985401		
2009-05-04	7.342143906020558		
2009-05-05	9.66183574879227		
2009-05-06	4.748338081671415	1.0	CT
2009-05-07	13.538234512682788		
2009-05-08	15.349115635120823		
2009-05-09	0.0		
2009-05-10	0.0		
2009-05-11	9.704662847881837		
2009-05-12	23.080660835762878		
2009-05-13	624.1689055333931		
2009-05-14	1666.6666666666667		
2009-05-15	1666.6666666666667		
2009-05-16	1666.6666666666667		
2009-05-17	1666.6666666666667		
2009-05-18	1666.6666666666667	1.0	MA
2009-05-19	1666.6666666666667		
2009-05-20	1648.9238602175421		
2009-05-21	488.7208375131826		
2009-05-22	213.80574221136226		
2009-05-23	240.25466995014716		
2009-05-24	129.37447441619767		
2009-05-25	27.750733660021137		
2009-05-26	14.066647777168223		
2009-05-27	8.60496334285616		
2009-05-28	12.664640324214792		
2009-05-29	22.019861915447734		
2009-05-30	10.755579456843238		
2009-05-31	4.827769329181452		
2009-06-01	8.282019321951077		
2009-06-02	17.49794885155129		
2009-06-03	1.9262997707703273		
2009-06-04	20.273134410881145		
2009-06-05	18.236084347968806		
2009-06-06	2.4410605920060147		
2009-06-07	13.980604241715326		
2009-06-08	3.9980649365707		
2009-06-09	17.628773292016714	1.0	KY
2009-06-10	36.72718275446139		
2009-06-11	9.652323314221734		
2009-06-12	11.765213401362411		
2009-06-13	20.039026003141117		
2009-06-14	7.306469879077923		
2009-06-15	6.081035884192753		
2009-06-16	16.638692864288583		
2009-06-17	5.563375188459334		
2009-06-18	11.199838722322399		
2009-06-19	5.639373352833033		
2009-06-20	16.194819046032617		
2009-06-21	4.6367779957063435		
2009-06-22	5.639256745960882		
2009-06-23	15.03442884204829		
2009-06-24	29.473203331945637	1.0	IA
2009-06-25	8.159721655574884		
2009-06-26	7.228332170776576		
2009-06-27	4.711669391582132		
2009-06-28	13.903785802248441		
2009-06-29	7.392321595558693		
2009-06-30	10.732703800629293		
2009-07-01	14.073902059715566		
2009-07-02	6.94019116756571		
2009-07-03	7.459847371522779		
2009-07-04	11.278382048424861		
2009-07-05	6.510119981511259		
2009-07-06	17.927476187829754		
2009-07-07	9.501985123058626		
2009-07-08	16.410606503195144		
2009-07-09	6.545777073743088		
2009-07-10	7.040790821625085		
2009-07-11	10.107523838594973		
2009-07-12	9.979482184628404		
2009-07-13	8.149813124785048		
2009-07-14	6.213495712687958		
2009-07-15	6.2360176791101205		
2009-07-16	12.577330933159347		
2009-07-17	6.167547598048588		
2009-07-18	1.9152905304205594		
2009-07-19	11.079636735643561		
2009-07-20	33.994106658054825		
2009-07-21	22.033355562540944		
2009-07-22	23.532837869042698		
2009-07-23	7.560277008549593		
2009-07-24	8.425008994936073		
2009-07-25	8.712921075249143		
2009-07-26	13.38024528422378		
2009-07-27	9.120573988122986		
2009-07-28	5.976116450605156		
2009-07-29	7.192330099182232		
2009-07-30	6.48390093710894		
2009-07-31	8.293220974824221		
2009-08-01	10.116529777373117		
2009-08-02	8.564087924636027		
2009-08-03			
2009-08-04			
2009-08-05			
2009-08-06	11.825642723682032		
2009-08-07	7.576513313828021		
2009-08-08	4.997676080622511		
2009-08-09	6.70805536828901		
2009-08-10	11.486497622045286		
2009-08-11	12.373353570640507		
2009-08-12	15.42806570859937		
2009-08-13	16.082372017429506		
2009-08-14	14.648198340267577		
2009-08-15	13.741951249531729		
2009-08-16	10.873967992475214		
2009-08-17	9.995487751243724		
2009-08-18	8.84050187529146		
2009-08-19	12.794527824568494		
2009-08-20	12.35138635489415		
2009-08-21	8.139457175317053		
2009-08-22	11.145227892047323		
2009-08-23	6.980360755015763		
2009-08-24	11.334655709832814		
2009-08-25	13.75437618402255		
2009-08-26	12.327117878749556		
2009-08-27	17.076338237599295		
2009-08-28	11.441682842712506		
2009-08-29	15.519901169269355		
2009-08-30	8.208824280881341		
2009-08-31	11.459242910739373		
2009-09-01	14.230570823772169		
2009-09-02	21.26758505647006		
2009-09-03	13.327303468919396	1.0	GA
2009-09-04	12.03936605157397		
2009-09-05	10.652900278733135		
2009-09-06	8.061837518501918		
2009-09-07	8.694232535943407		
2009-09-08	18.42066601041172		
2009-09-09	15.033182333368563		
2009-09-10	12.896647129679225		
2009-09-11	16.626000368468116	2.0	MI
2009-09-12	9.18811751806486		
2009-09-13	10.826532105864429		
2009-09-14	12.581744643427067		
2009-09-15	11.848346245914966		
2009-09-16	25.724582660137603		
2009-09-17	20.143826924239068		
2009-09-18	6.306999508054038		
2009-09-19	6.225397707138137		
2009-09-20	6.5122942812752935		
2009-09-21	11.38884990919426		
2009-09-22	9.689667094045584		
2009-09-23	11.535779716168548		
2009-09-24	8.074305138756934		
2009-09-25	10.287866371695072		
2009-09-26	6.6979027080513704		
2009-09-27	9.57151649858945		
2009-09-28	10.181018509091649		
2009-09-29	15.148617404625252		
2009-09-30	9.303862666055341		
2009-10-01	7.957987613030554		
2009-10-02	10.081051655308682		
2009-10-03	8.25429842590529		
2009-10-04	7.070082819781925		
2009-10-05	12.521761303355984		
2009-10-06	9.1603193287318		
2009-10-07	11.998368221921819		
2009-10-08	13.849829073323765		
2009-10-09	9.943473196263168		
2009-10-10	6.891362409427039		
2009-10-11	7.646922878233799		
2009-10-12	11.346323439078459		
2009-10-13	18.738102682598218		
2009-10-14	12.706304606745478		
2009-10-15	12.885150967950947		
2009-10-16	13.83909142722914	1.0	SC
2009-10-17	8.259169433144296		
2009-10-18	9.875567845151096		
2009-10-19	11.91481946628311		
2009-10-20	14.034234175231449		
2009-10-21	9.412878431330363		
2009-10-22	10.83233104181388		
2009-10-23	13.368199578307571		
2009-10-24	12.970439948955043		
2009-10-25	7.995688724639674		
2009-10-26	15.002780872597457		
2009-10-27	13.573351960148639		
2009-10-28	5.939078331901549		
2009-10-29	13.63367980359111		
2009-10-30	7.546757553585572	1.0	CA
2009-10-31	11.219204405826448		
2009-11-01	7.393366096898277		
2009-11-02	7.940383599931713		
2009-11-03	13.271872919721234		
2009-11-04	13.06140406656504		
2009-11-05	40.49160207575604		
2009-11-06	38.3214636408414		
2009-11-07	19.920072700297325		
2009-11-08	8.334378287580753		
2009-11-09	6.835120489503989		
2009-11-10	29.403260821625118		
2009-11-11	13.58448325984128		
2009-11-12	17.20440183772296		
2009-11-13	7.8395386720316615		
2009-11-14	8.125892055649933		
2009-11-15	13.33576749411272		
2009-11-16	12.836954527780204		
2009-11-17	14.820015150289773		
2009-11-18	21.21186167304757		
2009-11-19	18.31038895644715		
2009-11-20	16.179469143527665		
2009-11-21	17.27969901566428		
2009-11-22	10.813471509314075		
2009-11-23	8.842127431936719		
2009-11-24	9.98960681307168		
2009-11-25	7.504263606612283		
2009-11-26	5.731926009023689		
2009-11-27	7.975211364088547		
2009-11-28	13.654685741959211		
2009-11-29	17.062263261097254		
2009-11-30	16.355415138332905		
2009-12-01	13.534136017335399		
2009-12-02	14.676868558001333		
2009-12-03	9.284271775145337		
2009-12-04	13.449411718995464		
2009-12-05	8.83972691136995		
2009-12-06	12.315427659383186		
2009-12-07	10.340022051054433		
2009-12-08	12.472032412166657		
2009-12-09	11.483927132630097		
2009-12-10	12.977457795324582		
2009-12-11	14.528409890443337		
2009-12-12	8.91529325159		
2009-12-13	10.33612276133495		
2009-12-14	12.491141392740222		
2009-12-15	13.73584665589969		
2009-12-16	8.352777752558039		
2009-12-17	6.548802769706985		
2009-12-18			
2009-12-19			
2009-12-20			
2009-12-21	12.150581441058959		
2009-12-22	8.39101867316318		
2009-12-23	3.9098724635146698		
2009-12-24	7.766944328762178		
2009-12-25	11.136611094977303		
2009-12-26	12.47853024305503		
2009-12-27	7.180151190050225		
2009-12-28	7.7459988395085375		
2009-12-29	7.331490472887511		
2009-12-30	8.248291672365083		
2009-12-31	16.635904341858247		
2010-01-01	9.03468868721456		
2010-01-02	10.951459688772031		
2010-01-03	7.8216705466015135		
2010-01-04	13.412117902173085		
2010-01-05	8.661917486049063		
2010-01-06	7.705373239290109		
2010-01-07	9.779288786554064		
2010-01-08	7.806702151380737		
2010-01-09	4.57709154910048		
2010-01-10	8.841102876680546		
2010-01-11	8.287502227266224		
2010-01-12	9.971937508543032		
2010-01-13	13.065206928570387		
2010-01-14	9.41482408648953		
2010-01-15	9.993433582909182		
2010-01-16	8.001177773368239		
2010-01-17	7.024332287042315		
2010-01-18	7.620809477619707		
2010-01-19	10.746302687837195		
2010-01-20	10.53155637254902	1.0	AL
2010-01-21	7.56919795172916		
2010-01-22	6.175366690986938		
2010-01-23	5.874168166707871		
2010-01-24	5.6880165578162		
2010-01-25	8.088437174636997		
2010-01-26	10.557841132645196		
2010-01-27	10.565633485524392		
2010-01-28	10.794206209816881		
2010-01-29	7.741186336806115		
2010-01-30	9.004900125922576		
2010-01-31	7.630231150222465		
2010-02-01	5.911442648168668		
2010-02-02	5.742012647739859		
2010-02-03	10.522371313009408		
2010-02-04	9.48296912625431		
2010-02-05	36.800733491190954	1.0	AL
2010-02-06	16.16650203778758		
2010-02-07	11.336511480724987		
2010-02-08	9.870935374127763		
2010-02-09	9.562047595623133		
2010-02-10	26.61357519333001		
2010-02-11	16.91931829416579		
2010-02-12	37.70704849590213	3.0	AL
2010-02-13	12.809017548354042		
2010-02-14	10.76794905917386		
2010-02-15	15.791981007510842		
2010-02-16	11.79085623165048		
2010-02-17	13.62913447657309		
2010-02-18	20.148445904008167		
2010-02-19	11.179135549903481		
2010-02-20	6.533113979082157		
2010-02-21	7.676380678626596		
2010-02-22	10.009828698464874		
2010-02-23	109.33189800174931		
2010-02-24	68.30740699704504		
2010-02-25	16.260918857315506		
2010-02-26	22.864455493464693	1.0	WA
2010-02-27	8.857070439150514		
2010-02-28	5.8150189935402645		
2010-03-01	8.454914707000327		
2010-03-02	14.833425103981416		
2010-03-03	13.913501266786687		
2010-03-04	11.38568804780281		
2010-03-05	13.58165538154574		
2010-03-06	10.211084305409292		
2010-03-07	7.548571010575728		
2010-03-08	11.00088539384057		
2010-03-09	9.861337271294017	1.0	OH
2010-03-10	12.200699413808682		
2010-03-11	11.270131271984582		
2010-03-12	13.340221100122397		
2010-03-13	6.77880951677068		
2010-03-14	9.850679777318348		
2010-03-15	8.005729317589893		
2010-03-16	9.802545772729523		
2010-03-17	9.6376442099443		
2010-03-18	8.932215478017818		
2010-03-19	8.07284384646619		
2010-03-20	9.909138703168997		
2010-03-21	10.5710219394513		
2010-03-22	10.68653650019937		
2010-03-23	6.23865140057724		
2010-03-24	13.286243860580639		
2010-03-25	14.764179148549788		
2010-03-26	9.300313658025093		
2010-03-27	13.337957158481608		
2010-03-28	6.7354989758673804		
2010-03-29	12.288072981323051		
2010-03-30	10.228548520112227		
2010-03-31	9.833249597067233		
2010-04-01	8.551142629989426		
2010-04-02	8.23096939354379		
2010-04-03	8.073990044770275		
2010-04-04	8.11594635749023		
2010-04-05	10.200155293441206		
2010-04-06	9.382142061065942		
2010-04-07	8.234142414067575		
2010-04-08	11.236669346535342		
2010-04-09	9.750764274190253		
2010-04-10	7.594916253928753		
2010-04-11	5.424363080061844		
2010-04-12	9.349502966627945		
2010-04-13	8.621372650360083		
2010-04-14	9.813056872669582		
2010-04-15	8.14007440028002		
2010-04-16	10.236059620075487		
2010-04-17	8.213163173439893		
2010-04-18	8.190425574512851		
2010-04-19	11.660547585218676		
2010-04-20	17.666136730440464		
2010-04-21	6.777124381410912		
2010-04-22	7.826051855694194		
2010-04-23	6.860740685564414		
2010-04-24	8.245942583951567		
2010-04-25	7.934989639788982		
2010-04-26	7.0204643728282194		
2010-04-27	10.589345744428144		
2010-04-28	11.088539772374455		
2010-04-29	11.763024968024656		
2010-04-30	7.808372136604868		
2010-05-01	5.771140561140147		
2010-05-02	6.037645159347446		
2010-05-03	9.897744653325672		
2010-05-04	7.9067020867397435		
2010-05-05	8.165073842206137		
2010-05-06	4.172502775074044		
2010-05-07	6.247633176465677		
2010-05-08	7.120783772801899		
2010-05-09	4.858793879509863		
2010-05-10	7.72212264584071		
2010-05-11	8.94639557410628		
2010-05-12	8.865992463352281		
2010-05-13	7.654310197740058		
2010-05-14	7.327581606559524		
2010-05-15	6.110105853219546		
2010-05-16	3.8422182113733228		
2010-05-17	6.825194211676884		
2010-05-18	13.779125301125884		
2010-05-19	8.097066589492044		
2010-05-20	9.512925365958383		
2010-05-21	7.019383453092523		
2010-05-22	6.078347131641803		
2010-05-23	6.748984873275237		
2010-05-24	5.064986004996758		
2010-05-25	7.717121205105648		
2010-05-26	6.509363478275964		
2010-05-27	7.010479094932644		
2010-05-28	6.028309665586756		
2010-05-29	6.555861248081263		
2010-05-30	5.199789564516324		
2010-05-31	5.272956428947893		
2010-06-01	5.726809227596021		
2010-06-02	15.68546400370546		
2010-06-03	6.273588693487513		
2010-06-04	7.282816022195249		
2010-06-05	4.160509427903477		
2010-06-06	6.4088588469015		
2010-06-07	6.072167713272241		
2010-06-08	7.245057738582015		
2010-06-09	5.269674990285605		
2010-06-10	9.579142045794244		
2010-06-11	6.935635145569317		
2010-06-12	5.097999556829713		
2010-06-13	3.855509016348804		
2010-06-14	6.311919794767374		
2010-06-15	7.7137352621374085		
2010-06-16	5.32240692866676		
2010-06-17	6.0510723243272855		
2010-06-18	6.390099488340327		
2010-06-19	4.295451665549452		
2010-06-20	6.690933965925228		
2010-06-21	6.127682297180555		
2010-06-22	5.520730785758988		
2010-06-23	6.1925437861734185		
2010-06-24	4.821944185795135		
2010-06-25	6.798585426828471		
2010-06-26	3.2777209444378306		
2010-06-27	3.4467077149280763		
2010-06-28	5.052616687024502		
2010-06-29	5.3256987393559		
2010-06-30	6.238357530810764		
2010-07-01	4.762689265482908		
2010-07-02	4.3829608867777505		
2010-07-03	5.219568091179591		
2010-07-04	5.058695051621515		
2010-07-05	4.884989039305843		
2010-07-06	5.151475456163151		
2010-07-07	4.693203741054728		
2010-07-08	6.687436816582538		
2010-07-09	4.865039659389257		
2010-07-10	4.739852063436793		
2010-07-11	2.796910718880639		
2010-07-12	15.882041894958043		
2010-07-13	5.765535691093522		
2010-07-14	4.704694988998685		
2010-07-15	6.100654081627361		
2010-07-16	4.258954146882811		
2010-07-17	4.822336511597547		
2010-07-18	6.488244496175863		
2010-07-19	4.2050308341972515		
2010-07-20	4.026560431548163		
2010-07-21	3.3086129813129537		
2010-07-22	3.051312705238921		
2010-07-23	4.289123701391208		
2010-07-24	3.3638728133144777		
2010-07-25	7.003263520800693		
2010-07-26	4.873037574469913		
2010-07-27	4.217644939368341		
2010-07-28	4.137838493661275		
2010-07-29	5.710689268172165		
2010-07-30	4.236821367137519		
2010-07-31	4.968945745406458		
2010-08-01	5.306394771715359		
2010-08-02	4.033177538924042		
2010-08-03	7.311135102465559		
2010-08-04	5.4558647818472465		
2010-08-05	4.436949521142223		
2010-08-06	3.85099949729645		
2010-08-07	3.918661646425691		
2010-08-08	2.2625180274204255		
2010-08-09	9.485185622118504		
2010-08-10	4.529958740569546		
2010-08-11	6.154582982242349		
2010-08-12	9.092701799729833		
2010-08-13	9.117848187827672		
2010-08-14	4.66255243040208		
2010-08-15	5.496386278699152		
2010-08-16	4.719772365378818		
2010-08-17	10.33432695973287		
2010-08-18	6.9817450639062395		
2010-08-19	5.1989223211686255		
2010-08-20	5.2848722294057335		
2010-08-21	5.261271655548877		
2010-08-22	6.994125542728938		
2010-08-23	8.173628895646404		
2010-08-24	5.450668438420786		
2010-08-25	6.309504723954866		
2010-08-26	5.944278334888753		
2010-08-27	10.542220596250901		
2010-08-28	4.784674686977611		
2010-08-29	4.09238381064657		
2010-08-30	12.79645349073342		
2010-08-31	6.022435763194541		
2010-09-01	9.264809717062464		
2010-09-02	6.1158754535940965		
2010-09-03	5.187257907519043		
2010-09-04	4.079582685888451		
2010-09-05	3.407928441800287		
2010-09-06	3.6622112024327933		
2010-09-07	9.200991183347362		
2010-09-08	5.805150646297976		
2010-09-09	6.777220510684418		
2010-09-10	5.516831704426646		
2010-09-11	4.6942980637443		
2010-09-12	6.483585468530583		
2010-09-13	5.992580368333952		
2010-09-14	7.315551575654657		
2010-09-15	9.456391456780745		
2010-09-16	7.85034007018989		
2010-09-17	6.358909000629803		
2010-09-18	5.638410471366778		
2010-09-19	9.83578941768802		
2010-09-20	8.492703109298036		
2010-09-21	9.060246521071251		
2010-09-22	9.789942697990192		
2010-09-23	6.007657334474021		
2010-09-24	5.195174254586657		
2010-09-25	3.012441245414414		
2010-09-26	2.68743972709191		
2010-09-27	4.924289055767574		
2010-09-28	27.96309439318666		
2010-09-29	6.856679541510981		
2010-09-30	9.272249253794667		
2010-10-01	7.3640467024954015	1.0	CA
2010-10-02	4.237082536317606		
2010-10-03	4.719641195018253	1.0	NC
2010-10-04	5.058034442035214		
2010-10-05	4.210596597928176		
2010-10-06	4.986188258523889		
2010-10-07	4.754816448956109		
2010-10-08	15.335692559236987		
2010-10-09	14.782961716173551		
2010-10-10	5.137739953863095		
2010-10-11	10.967280852904608		
2010-10-12	5.473373092476849		
2010-10-13	7.964367420162194		
2010-10-14	7.147820157608086		
2010-10-15	4.520884664211292		
2010-10-16	5.34426488652016		
2010-10-17	6.63528716490694		
2010-10-18	6.305900825521242		
2010-10-19	4.903893495279512		
2010-10-20	7.677678270091125		
2010-10-21	7.217201511651249		
2010-10-22	6.053166169096407		
2010-10-23	3.8855355757478685		
2010-10-24	4.897478542241932	1.0	KS
2010-10-25	6.250872165609594		
2010-10-26	6.534880870573925		
2010-10-27	8.9208600766401		
2010-10-28	7.0414277371322935		
2010-10-29	5.001758475372556		
2010-10-30	4.122731963673431		
2010-10-31	4.86387913121391		
2010-11-01	6.2125703132831305		
2010-11-02	13.839468119491778		
2010-11-03	4.566060840763051		
2010-11-04	5.7776130699512125		
2010-11-05	5.328831902857114		
2010-11-06	4.428260425079407		
2010-11-07	5.359100320734035		
2010-11-08	4.017281074567714		
2010-11-09	5.171234739285068		
2010-11-10	10.40728100434848		
2010-11-11	6.46699386159934		
2010-11-12	8.543526569917972		
2010-11-13	4.610597104870472		
2010-11-14	5.6227204209763855		
2010-11-15	5.2747470213139795		
2010-11-16	5.5817115760376765		
2010-11-17	7.775740070285104		
2010-11-18	7.830200790817654		
2010-11-19	7.402555085988205		
2010-11-20	3.6127274840952897		
2010-11-21	5.5459969509914435		
2010-11-22	6.680393638483818		
2010-11-23	8.414619138560377		
2010-11-24	7.1905162581494695		
2010-11-25	5.518875473933432		
2010-11-26	4.934821338810144		
2010-11-27	6.100404038132549		
2010-11-28	5.099923187310764		
2010-11-29	5.711743437129605		
2010-11-30	7.9952404803728605		
2010-12-01	8.066147976266056		
2010-12-02	5.390482595637863		
2010-12-03	7.563076054292802		
2010-12-04	4.683126398986446		
2010-12-05	3.192027860019162		
2010-12-06	6.486985575286603		
2010-12-07	9.370585243095876		
2010-12-08	5.725137241261605		
2010-12-09	7.717069200589888		
2010-12-10	4.866962681236288		
2010-12-11	5.569296376256094		
2010-12-12	8.910994094906988		
2010-12-13	9.797885261968872		
2010-12-14	11.459372806846387		
2010-12-15	71.53421680005623		
2010-12-16	23.64390686058297		
2010-12-17	14.255479195253548		
2010-12-18	6.74072063205899		
2010-12-19	4.85159917170791		
2010-12-20	5.917680775199857		
2010-12-21	6.17270233500984		
2010-12-22	5.855732623550051		
2010-12-23	7.848295585647665		
2010-12-24	4.972699340111987		
2010-12-25	5.436266185997188		
2010-12-26	5.567225077899397		
2010-12-27	7.695802002406082		
2010-12-28	9.538430284881455		
2010-12-29	5.956435024814411		
2010-12-30	3.0855525174475553		
2010-12-31	6.415501094863584		
2011-01-01	5.598427866162792		
2011-01-02	4.650397509335673		
2011-01-03	6.903460085259763		
2011-01-04	6.1546757369380405		
2011-01-05	59.07610214519975	1.0	NE
2011-01-06	30.023251988457467		
2011-01-07	9.283398961806549		
2011-01-08	47.53669634037825		
2011-01-09	23.853460375393333		
2011-01-10	21.30985190604258		
2011-01-11	11.923349999319996		
2011-01-12	12.110623908090522		
2011-01-13	8.140280983345942		
2011-01-14	9.248939390045104		
2011-01-15	8.655952177925158		
2011-01-16	6.440211013018441		
2011-01-17	7.124936140352769		
2011-01-18	78.84703166855974		
2011-01-19	42.77161188105834		
2011-01-20	19.23839450788233		
2011-01-21	9.170722741822978		
2011-01-22	6.088961322019311		
2011-01-23	6.953576967619383		
2011-01-24	7.477564269431222		
2011-01-25	8.138938659144737		
2011-01-26	7.682560970724504		
2011-01-27	6.107191631279383		
2011-01-28	20.30687827965273		
2011-01-29	5.388332898012754		
2011-01-30	4.371905539678717		
2011-01-31	5.957430038003821		
2011-02-01	6.6612218679272335		
2011-02-02	15.23618183384786	1.0	CA
2011-02-03	7.243281966392055		
2011-02-04	6.985460692016874		
2011-02-05	8.133700286454136		
2011-02-06	9.225823415223699	1.0	OH
2011-02-07	5.730031476972914		
2011-02-08	6.766087735596054		
2011-02-09	6.763458674050079		
2011-02-10	8.60938194184695		
2011-02-11	6.278494501862974		
2011-02-12	6.120617570312844		
2011-02-13	5.968708270144063		
2011-02-14	8.531464632855599		
2011-02-15	8.943452356638394		
2011-02-16	9.796212817616036		
2011-02-17	7.649242330075615		
2011-02-18	6.036905006157229		
2011-02-19	8.130833765103672		
2011-02-20	8.721434395210887		
2011-02-21	6.666142263475273		
2011-02-22	7.961358195340967		
2011-02-23	10.95692069853759	1.0	CA
2011-02-24	12.371219907203322		
2011-02-25	8.48872868898927		
2011-02-26	6.766070728310336		
2011-02-27	5.981305344697928		
2011-02-28	7.455877030046751		
2011-03-01	7.430830159679251		
2011-03-02	7.272135775288664		
2011-03-03	9.684293709301755		
2011-03-04	5.270239779440465		
2011-03-05	6.084064310146905		
2011-03-06	7.40486472376067		
2011-03-07	7.198840082706302		
2011-03-08	9.761071375194142		
2011-03-09	8.010370018818818		
2011-03-10	10.874754281406407		
2011-03-11	7.766755584052515		
2011-03-12	8.509328815859595		
2011-03-13	6.746440256131671		
2011-03-14	6.569936790488822		
2011-03-15	8.100525330014307		
2011-03-16	7.4112963278074755		
2011-03-17	8.067769261799112		
2011-03-18	8.889448821987102		
2011-03-19	7.569668640544085		
2011-03-20	7.568173348707825		
2011-03-21	8.142450148409226		
2011-03-22	8.463298793423126		
2011-03-23	10.243271005998325		
2011-03-24	10.96765943134402		
2011-03-25	26.8343285593677		
2011-03-26	9.991486940892393		
2011-03-27	9.05923991651358		
2011-03-28	9.171000269994249		
2011-03-29	10.5572185552532		
2011-03-30	8.83688675595899		
2011-03-31	12.672862445635898	1.0	TX
2011-04-01	6.697207404344192		
2011-04-02	6.109976522415213		
2011-04-03	4.040101904592185		
2011-04-04	13.195424086508911		
2011-04-05	9.268264623372298		
2011-04-06	8.751212225210113	1.0	AL
2011-04-07	111.9707356484473		
2011-04-08	23.624377742805112		
2011-04-09	15.560316707363759		
2011-04-10	18.20818847829708		
2011-04-11	10.86939073753711		
2011-04-12	8.99184856031001		
2011-04-13	9.756109168482057		
2011-04-14	8.012041136383047		
2011-04-15	9.287158150165407		
2011-04-16	6.748585199457737		
2011-04-17	6.721340799080694		
2011-04-18	9.449025223749745		
2011-04-19	25.956403434534995		
2011-04-20	28.22136320472824		
2011-04-21	9.926763554209183		
2011-04-22	7.358281445067422		
2011-04-23	8.364853677978882		
2011-04-24	6.233245555384257		
2011-04-25	9.024940011497227		
2011-04-26	9.250938309457101		
2011-04-27	6.9492242912148425		
2011-04-28	6.979882582420946		
2011-04-29	8.289442884889194		
2011-04-30	5.133551167021187		
2011-05-01	8.113282518492706		
2011-05-02	8.344165848640408		
2011-05-03	6.841055912956014		
2011-05-04	8.571644010516872		
2011-05-05	8.814032924307545		
2011-05-06	6.6184157147122455		
2011-05-07	6.852057029047739		
2011-05-08	11.64365049321232		
2011-05-09	10.029493352504943		
2011-05-10	12.153782080891844		
2011-05-11	10.225075010820438		
2011-05-12	8.068043799327711		
2011-05-13	7.446837237749535		
2011-05-14	8.519164027179219		
2011-05-15	8.59736591660256		
2011-05-16	8.107028483347879		
2011-05-17	8.701851282875332		
2011-05-18	7.654448585227003		
2011-05-19	8.220694300573374		
2011-05-20	8.279555497414677		
2011-05-21	5.024209184580637		
2011-05-22	6.334247431478191		
2011-05-23	6.952848460817956		
2011-05-24	15.74915689098446		
2011-05-25	8.07220719533114		
2011-05-26	7.103385784437991		
2011-05-27	7.22749162288549		
2011-05-28	6.997840217987301		
2011-05-29	7.187202649908549		
2011-05-30	6.944429401720205		
2011-05-31	8.15633317953702		
2011-06-01	7.40968905637916		
2011-06-02	8.382969281985831		
2011-06-03	5.808873239262545		
2011-06-04	6.895520906037298		
2011-06-05	6.747713368632205		
2011-06-06	7.351328568855607		
2011-06-07	7.506042364103103		
2011-06-08	7.9182172414064045		
2011-06-09	8.884047910895266		
2011-06-10	8.04579816855353		
2011-06-11	4.954063283072269		
2011-06-12	7.868405830242833		
2011-06-13	8.483823868439252		
2011-06-14	6.455673730249673		
2011-06-15	8.172742399838157		
2011-06-16	6.192953003049255		
2011-06-17	8.176875831760658		
2011-06-18	4.203131845481577		
2011-06-19	5.693886393721971		
2011-06-20	5.551220032813083		
2011-06-21	7.012325233730652		
2011-06-22	6.923855824381294		
2011-06-23	5.164965260156718		
2011-06-24	5.448607947327959		
2011-06-25	5.534588410269982		
2011-06-26	6.664993883887965		
2011-06-27	6.163881404338821		
2011-06-28	14.794201560640323		
2011-06-29	9.175398445925383		
2011-06-30	7.655616108558922		
2011-07-01	3.614274378455567		
2011-07-02	6.364530704184666		
2011-07-03	4.8806554595137115		
2011-07-04	6.001420056013654		
2011-07-05	6.6404601289314025		
2011-07-06	6.704167170643123		
2011-07-07	7.135384001166579		
2011-07-08	5.634444912617848		
2011-07-09	7.002280064167676		
2011-07-10	12.074346009916944		
2011-07-11	8.78840919661681		
2011-07-12	7.506162504223596		
2011-07-13	8.86090858892192		
2011-07-14	7.49956189609643		
2011-07-15	4.935010623303486		
2011-07-16	5.27446740016527		
2011-07-17	6.606710581509228		
2011-07-18	6.772122309622474		
2011-07-19	7.681916867663671		
2011-07-20	8.441315714218687		
2011-07-21	6.029192300564149		
2011-07-22	11.171217872745542		
2011-07-23	7.361759881930962		
2011-07-24	6.218850122060624		
2011-07-25	7.78260876010442		
2011-07-26	6.698459598344785		
2011-07-27	6.557553828409217		
2011-07-28	8.705783078632363		
2011-07-29	6.358834095051004		
2011-07-30	6.8294803199553655		
2011-07-31	6.457598932224883		
2011-08-01	9.250231817225686		
2011-08-02	8.722944531958781		
2011-08-03	7.184997600054606		
2011-08-04	11.278274398954128		
2011-08-05	9.284358958783017		
2011-08-06	8.947348014820317		
2011-08-07	8.868595013090484		
2011-08-08	9.357100930421755		
2011-08-09	6.252674990122464		
2011-08-10	7.656027116820369		
2011-08-11	8.993641030603035		
2011-08-12	7.409925998127617		
2011-08-13	6.334599359132578		
2011-08-14	7.789507752480163		
2011-08-15	7.179459844299726		
2011-08-16	5.834802910338273		
2011-08-17	8.282316066864938		
2011-08-18	7.296357521518554		
2011-08-19	7.000341369587964		
2011-08-20	5.361469458551698		
2011-08-21	7.198205826026669		
2011-08-22	8.381246123673668		
2011-08-23	6.617507746810896		
2011-08-24	14.157972717331015		
2011-08-25	12.887148049973138		
2011-08-26	7.389464991599798		
2011-08-27	8.145428480083408		
2011-08-28	6.820484156272241		
2011-08-29	8.00516464850386		
2011-08-30	7.162377796503359		
2011-08-31	8.02707927323139		
2011-09-01	8.29910532432047		
2011-09-02	9.010955435796		
2011-09-03	6.646684481233904		
2011-09-04	6.416027821929437		
2011-09-05	7.527938060125641		
2011-09-06	14.42257801823225		
2011-09-07	12.34227193579649		
2011-09-08	10.263441600074735		
2011-09-09	7.69713953592194		
2011-09-10	8.702841004370947		
2011-09-11	11.024831211662914		
2011-09-12	11.683836241050713		
2011-09-13	11.157110912572666		
2011-09-14	9.943854173758908		
2011-09-15	9.116605731095204		
2011-09-16	9.276223711168674		
2011-09-17	7.03822211285816		
2011-09-18	7.733433955017728		
2011-09-19	9.926895869948407		
2011-09-20	9.655257474570854		
2011-09-21	9.508731853907262		
2011-09-22	10.041128979228612		
2011-09-23	7.146209298382108		
2011-09-24	8.580005437840033		
2011-09-25	10.830079837871736		
2011-09-26	9.77272569278802		
2011-09-27	10.833692385752999		
2011-09-28	13.708004629967084		
2011-09-29	10.701880380139484		
2011-09-30	9.69679294204884		
2011-10-01	7.804918926918128		
2011-10-02	9.421610274261122		
2011-10-03	11.614875752119527		
2011-10-04	11.280511527579797		
2011-10-05	10.524208817303581		
2011-10-06	10.29814308987308		
2011-10-07	8.551006958499741		
2011-10-08	9.110454302665634		
2011-10-09	8.222451729198873		
2011-10-10	8.689588924513277		
2011-10-11	8.629782797422934		
2011-10-12	7.14712164406494		
2011-10-13	7.631613493069281		
2011-10-14	7.241461463476603		
2011-10-15	7.943170080481625		
2011-10-16	9.201152512871458		
2011-10-17	8.326415509888509		
2011-10-18	8.7513859165966		
2011-10-19	11.364842087429253		
2011-10-20	8.557466837248766		
2011-10-21	10.47713156493322		
2011-10-22	8.851502390790795		
2011-10-23	8.770534306578107		
2011-10-24	16.839546404709804		
2011-10-25	14.453503127671949		
2011-10-26	11.286418415203627		
2011-10-27	8.965891869654145		
2011-10-28	9.409149361314583		
2011-10-29	7.158651004192028		
2011-10-30	10.76208654220561		
2011-10-31	12.171743876650027		
2011-11-01	10.320870225753085		
2011-11-02	9.84384882842948		
2011-11-03	12.486408313321167		
2011-11-04	9.190698654759794		
2011-11-05	7.872014061396902		
2011-11-06	10.05348539793278		
2011-11-07	9.729639359268988		
2011-11-08	12.700618788980238		
2011-11-09	11.733557838450366		
2011-11-10	11.81729297026655		
2011-11-11	8.616362708599874		
2011-11-12	7.796880981372491		
2011-11-13	10.195859368820692		
2011-11-14	12.17007228118097		
2011-11-15	22.97112261219546		
2011-11-16	12.342665488582606		
2011-11-17	8.574251950106428		
2011-11-18	8.170275724609002		
2011-11-19	8.30120513622453		
2011-11-20	7.243882508882487		
2011-11-21	12.44803919527547		
2011-11-22	9.406900147662322		
2011-11-23	7.870499663428028		
2011-11-24	7.3792337580413765		
2011-11-25	8.261105266124163		
2011-11-26	8.881662373641145		
2011-11-27	10.186667965641501		
2011-11-28	9.57454371156255		
2011-11-29	7.798568182881623		
2011-11-30	9.703436953239715		
2011-12-01	9.427698193358678		
2011-12-02	9.553927556649471		
2011-12-03	7.121279413482581		
2011-12-04	9.430822078715202		
2011-12-05	7.699867879325859		
2011-12-06	9.850802616717953		
2011-12-07	9.477964345695677		
2011-12-08	54.29870835536737	1.0	VA
2011-12-09	14.790807892255742		
2011-12-10	8.813146463101614		
2011-12-11	9.804869571567771		
2011-12-12	9.744587258178449		
2011-12-13	11.797595926064215		
2011-12-14	10.450589590998616		
2011-12-15	12.578339073655389		
2011-12-16	10.54853365264247		
2011-12-17	9.829244729894167		
2011-12-18	9.197153585955485		
2011-12-19	9.707726749344546		
2011-12-20	8.092204193016064		
2011-12-21	8.592036789438557		
2011-12-22	11.110422371498872		
2011-12-23	11.244192826180882		
2011-12-24	11.375822155013921		
2011-12-25	6.67245328918143		
2011-12-26	6.764152319231799		
2011-12-27	9.343609086200575		
2011-12-28	9.944222235964585		
2011-12-29	10.747175829510738		
2011-12-30	8.608411438796175		
2011-12-31	8.079362609388511		
2012-01-01	11.15660573784654		
2012-01-02	10.920718940711646		
2012-01-03	12.061239435579225		
2012-01-04	9.18380189946333		
2012-01-05	11.720916855196863		
2012-01-06	12.643985805018604		
2012-01-07	11.872377992292437		
2012-01-08	12.239022320193742		
2012-01-09	12.74659456858764		
2012-01-10	12.714363510498961		
2012-01-11	13.689871356278864		
2012-01-12	12.045265947750224		
2012-01-13	11.670834866940208		
2012-01-14	9.77123320588452		
2012-01-15	7.05316684592847		
2012-01-16	9.10714974000701		
2012-01-17	11.088336596818628		
2012-01-18	9.358231556266349		
2012-01-19	10.25632360457091		
2012-01-20	9.26868035221293		
2012-01-21	8.21759453036908		
2012-01-22	10.74199624125453		
2012-01-23	9.498867875673188		
2012-01-24	10.663261723887015		
2012-01-25	34.43104894634772		
2012-01-26	13.1945302860523		
2012-01-27	8.71219089119031		
2012-01-28	11.145409950583703		
2012-01-29	12.606814502342642		
2012-01-30	12.286970651292187		
2012-01-31	11.635341623855073		
2012-02-01	11.148302206769495		
2012-02-02	10.971833138373208		
2012-02-03	9.708143259136293		
2012-02-04	8.853849648406403		
2012-02-05	11.080289785416214		
2012-02-06	12.304738954612516		
2012-02-07	11.453603619113196		
2012-02-08	11.409846879854872		
2012-02-09	9.661981350789697		
2012-02-10	12.076165144384685		
2012-02-11	8.563287988364403		
2012-02-12	10.650016802303295		
2012-02-13	13.212063094677923		
2012-02-14	10.664377616470505		
2012-02-15	17.943013628269576		
2012-02-16	12.465971243891937		
2012-02-17	12.013093843250077		
2012-02-18	11.998243020921992		
2012-02-19	12.914135112044901		
2012-02-20	15.605977007056982		
2012-02-21	15.069502532868738		
2012-02-22	17.25086889596071		
2012-02-23	19.634579474643992		
2012-02-24	14.102122515781407		
2012-02-25	14.9824409915187		
2012-02-26	14.263509836729936		
2012-02-27	271.992718385556	3.0	OH
2012-02-28	172.73160092920878		
2012-02-29	42.83478461199171		
2012-03-01	47.048705749715566		
2012-03-02	29.709976517055335		
2012-03-03	17.484875411348835		
2012-03-04	14.2770351105265		
2012-03-05	18.04891255301868		
2012-03-06	26.193872611713527	1.0	FL
2012-03-07	19.798340142978507		
2012-03-08	15.788101913922604		
2012-03-09	14.103691626063311		
2012-03-10	13.029166977834164		
2012-03-11	15.049117773122047		
2012-03-12	19.66373715793021		
2012-03-13	18.381359103955187		
2012-03-14	15.457888975855752		
2012-03-15	15.356919303335165		
2012-03-16	16.694367695795098		
2012-03-17	15.865181569639478		
2012-03-18	14.013051787925278		
2012-03-19	72.25163540082087		
2012-03-20	36.95497525375297		
2012-03-21	35.84288980422765		
2012-03-22	22.588960005239873		
2012-03-23	21.81629617644543		
2012-03-24	14.341777038041696	1.0	MS
2012-03-25	18.33564166511625		
2012-03-26	17.098485438584092		
2012-03-27	16.58157438935811		
2012-03-28	20.22594813707185		
2012-03-29	16.786787589518344		
2012-03-30	17.311570216489745		
2012-03-31	14.435823486675956		
2012-04-01	13.764599252858796		
2012-04-02	74.72020084496246	7.0	CA
2012-04-03	27.17724924819006		
2012-04-04	21.35757721117053		
2012-04-05	15.049668085144333		
2012-04-06	12.195653500203889		
2012-04-07	11.704615385391971		
2012-04-08	14.246132317537112		
2012-04-09	13.284146285260974		
2012-04-10	14.85470255409517		
2012-04-11	18.346230595574482		
2012-04-12	16.817589932369614		
2012-04-13	13.179689681999312		
2012-04-14	13.174564560105397		
2012-04-15	19.747365372336574		
2012-04-16	18.374659240563982		
2012-04-17	15.392168291340484		
2012-04-18	26.044559502979745		
2012-04-19	17.587274556682853		
2012-04-20	19.971117012829485		
2012-04-21	10.489859802191216		
2012-04-22	0.0		
2012-04-23	18.442697492296638		
2012-04-24	16.062179082451113		
2012-04-25	14.505458448418604		
2012-04-26	15.190921322086542		
2012-04-27	14.726150896576106		
2012-04-28	12.56474926334538		
2012-04-29	21.231125585745044		
2012-04-30	19.995451881961763		
2012-05-01	16.835409156608666		
2012-05-02	17.865483494076877		
2012-05-03	16.36860625475777		
2012-05-04	12.919024773182558		
2012-05-05	11.779139352423966		
2012-05-06	14.683485172510032		
2012-05-07	15.095363443243743		
2012-05-08	18.392317025439855		
2012-05-09	15.642483976538827		
2012-05-10	15.80001321509548		
2012-05-11	17.82875162561518		
2012-05-12	16.517183100866216		
2012-05-13	13.201030924192303		
2012-05-14	15.16760876848385		
2012-05-15	15.196567194637042		
2012-05-16	17.885566258863516		
2012-05-17	16.19934994398743		
2012-05-18	13.093687100622127		
2012-05-19	9.899986884476478		
2012-05-20	15.039900931873756		
2012-05-21	14.90727879277601		
2012-05-22	15.599145293961655		
2012-05-23	16.325893011554914		
2012-05-24	15.345997166742213		
2012-05-25	12.000998425116462		
2012-05-26	10.26384695229226		
2012-05-27	12.288971685701227		
2012-05-28	15.251926595636785		
2012-05-29	13.583817419751847		
2012-05-30	16.052261684343286		
2012-05-31	13.681295847516587		
2012-06-01	15.0473617546271		
2012-06-02	16.71097611019959		
2012-06-03	13.920729472614374		
2012-06-04	15.451397211208965		
2012-06-05	15.098814250256059		
2012-06-06	13.79649239938161		
2012-06-07	17.047680221175646		
2012-06-08	12.505592314731201		
2012-06-09	11.478639319151867		
2012-06-10	14.683366232757406		
2012-06-11	14.359615463882294		
2012-06-12	15.996068095816952		
2012-06-13	14.064411720562108		
2012-06-14	15.091591544438412		
2012-06-15	15.330208377675984		
2012-06-16	12.528208381690012		
2012-06-17	15.015328340184816		
2012-06-18	13.695114949908499		
2012-06-19	18.64031027552142		
2012-06-20	13.49996963766157		
2012-06-21	16.26110638639859		
2012-06-22	12.107100909347908		
2012-06-23	15.359113038706743		
2012-06-24	15.23028044184086		
2012-06-25	15.262263561673526		
2012-06-26	16.879158777246325		
2012-06-27	34.17430604799781		
2012-06-28	12.769297060980843		
2012-06-29	12.43576513643327		
2012-06-30	12.798571766160874		
2012-07-01	14.643813451070212		
2012-07-02	12.416630073707685		
2012-07-03	14.598028242820291		
2012-07-04	11.406127595294132		
2012-07-05	15.322254352194365		
2012-07-06	14.930224002637134		
2012-07-07	11.846776506464412		
2012-07-08	13.056838953768164		
2012-07-09	14.5162721319856		
2012-07-10	14.923400530893735		
2012-07-11	16.249175459139067		
2012-07-12	13.529799802258285		
2012-07-13	11.810143739980655		
2012-07-14	10.434524083764506		
2012-07-15	10.327424273774234		
2012-07-16	14.147861153191661		
2012-07-17	14.656643936055369		
2012-07-18	22.931363604201408		
2012-07-19	14.050767357900744		
2012-07-20	93.96587739857554		
2012-07-21	30.900790738466075		
2012-07-22	26.44169027733167		
2012-07-23	27.89364966734677		
2012-07-24	23.999437892683574		
2012-07-25	19.44450091794831		
2012-07-26	25.17019890990249		
2012-07-27	17.901386714740454		
2012-07-28	15.666317040737834		
2012-07-29	16.46086005487805		
2012-07-30	17.280675501131896		
2012-07-31	14.786507009041285		
2012-08-01	15.951680977427586		
2012-08-02	17.867583339868236		
2012-08-03	16.00787682542047		
2012-08-04	16.295345992051598		
2012-08-05	23.303628089937323		
2012-08-06	19.488423675303373		
2012-08-07	19.722761608687634		
2012-08-08	16.878275919917183		
2012-08-09	15.59751039737888		
2012-08-10	16.162717134316942		
2012-08-11	16.499599915076875		
2012-08-12	18.210445324892333		
2012-08-13	23.166688016590363		
2012-08-14	19.671350257698215		
2012-08-15	18.284953030843948		
2012-08-16	18.03058771412081		
2012-08-17	15.420803330666464		
2012-08-18	12.625714149647692		
2012-08-19	16.722258266854556		
2012-08-20	17.191229029987507		
2012-08-21	17.40643907509646		
2012-08-22	16.32010824346467		
2012-08-23	16.633339517040387		
2012-08-24	24.896107396319188		
2012-08-25	17.29716466033384		
2012-08-26	21.71902360177799		
2012-08-27	65.05255950060406		
2012-08-28	29.08459200912972		
2012-08-29	20.256850327687225		
2012-08-30	17.368636198545627		
2012-08-31	14.103165802663048		
2012-09-01	15.138416475486048		
2012-09-02	16.76653787318232		
2012-09-03	21.61657677673079		
2012-09-04	24.07724879632469		
2012-09-05	19.153083400811564		
2012-09-06	15.119518471460431		
2012-09-07	17.00979725486727		
2012-09-08	13.566050308955278		
2012-09-09	16.262946547760436		
2012-09-10	19.598554856853102		
2012-09-11	17.48976911149417		
2012-09-12	16.31143894276735		
2012-09-13	15.224977841601852		
2012-09-14	13.450408213308839		
2012-09-15	11.33073341271452		
2012-09-16	15.407991443168507		
2012-09-17	17.56615722217623		
2012-09-18	16.594621040868212		
2012-09-19	15.780926097425265		
2012-09-20	15.852859490602222		
2012-09-21	14.170414236699415		
2012-09-22	13.633134992494371		
2012-09-23	14.742451376227853		
2012-09-24	15.319804702726497		
2012-09-25	16.732053949601333		
2012-09-26	24.33690041535662		
2012-09-27	17.17848582390664		
2012-09-28	14.912095452694468		
2012-09-29	13.397827633598038		
2012-09-30	16.296296227218583		
2012-10-01	14.92111296655852		
2012-10-02	15.615618035938086		
2012-10-03	18.55906595606332		
2012-10-04	15.38949591757592		
2012-10-05	13.019880754167144		
2012-10-06	11.552718979076639		
2012-10-07	14.106203750144589		
2012-10-08	16.084966550042193		
2012-10-09	15.596383476213807		
2012-10-10	18.73734616704521		
2012-10-11	15.265597537415887		
2012-10-12	13.993583357014781		
2012-10-13	13.177578639209306		
2012-10-14	16.667474463702696		
2012-10-15	18.54074939633603		
2012-10-16	16.671266619127287		
2012-10-17	14.223650826291852		
2012-10-18	15.978594231015983		
2012-10-19	12.359431075724853		
2012-10-20	9.968099560736787		
2012-10-21	18.278362569291986		
2012-10-22	15.408879635861734		
2012-10-23	16.045129810890895		
2012-10-24	16.194008231285405		
2012-10-25	14.19494299310894		
2012-10-26	15.47207029264957		
2012-10-27	12.906950769545354		
2012-10-28	15.93666147312967		
2012-10-29	17.140637703235		
2012-10-30	16.10751571931984		
2012-10-31	13.742337983455892		
2012-11-01	15.382226242372367		
2012-11-02	13.171546691889727		
2012-11-03	12.828219105692423		
2012-11-04	14.808562649143994		
2012-11-05	14.994214392411402		
2012-11-06	18.49930846018844		
2012-11-07	16.025041548721777		
2012-11-08	13.275129427071287		
2012-11-09	10.500408108252817		
2012-11-10	12.13638337429302		
2012-11-11	12.40469565741802		
2012-11-12	14.929106082000903		
2012-11-13	12.392970484246183		
2012-11-14	11.908675581154352		
2012-11-15	12.849245692485605		
2012-11-16	11.344347951562007		
2012-11-17	11.807735687819118		
2012-11-18	13.373717855290302		
2012-11-19	12.091304239120182		
2012-11-20	14.935983259042715		
2012-11-21	14.61946661280661		
2012-11-22	8.669470815501422		
2012-11-23	10.386289071062246		
2012-11-24	9.645511243678563		
2012-11-25	13.806778373978752		
2012-11-26	12.816774525799739		
2012-11-27	12.686534084742991		
2012-11-28	14.786670051371507		
2012-11-29	11.078225236993985		
2012-11-30	10.650684017655184		
2012-12-01	10.437618081214858		
2012-12-02	12.72872625928804		
2012-12-03	13.100882834065246		
2012-12-04	10.37516410584459		
2012-12-05	12.719765012194738		
2012-12-06	13.472478129696329		
2012-12-07	10.814100575358884		
2012-12-08	10.793387217749766		
2012-12-09	14.068068412382992		
2012-12-10	13.639571141281715		
2012-12-11	19.455254625196165		
2012-12-12	16.861016698713325		
2012-12-13	15.554607162745928		
2012-12-14	2949.9467313860437	27.0	CT
2012-12-15	692.7969288793264		
2012-12-16	290.4059611786779		
2012-12-17	237.42246984210908		
2012-12-18	139.98614076509045		
2012-12-19	119.60421583028644		
2012-12-20	103.9581819247502		
2012-12-21	185.68835143948777		
2012-12-22	53.18228563918032		
2012-12-23	36.95414093287578		
2012-12-24	27.56903624376384		
2012-12-25	30.3089243591573		
2012-12-26	30.492132881799012		
2012-12-27	28.750884642604387		
2012-12-28	24.408206190068153		
2012-12-29	33.92450258795343		
2012-12-30	49.08750993084258		
2012-12-31	36.73275065249922		
2013-01-01	41.11916314481808		
2013-01-02	33.77442818118708		
2013-01-03	28.36341087488932		
2013-01-04	25.52841292800829		
2013-01-05	21.45449870514935		
2013-01-06	27.356874061629394		
2013-01-07	54.99255922850022	1.0	FL
2013-01-08	78.81606732814492		
2013-01-09	32.228349635399		
2013-01-10	190.3165267438886		
2013-01-11	72.96069566998655		
2013-01-12	22.836974437742924		
2013-01-13	30.271481345109883		
2013-01-14	33.01608507072511		
2013-01-15	58.62988091904616	3.0	KY
2013-01-16	35.18555109893066	1.0	IL
2013-01-17	22.59739805205288		
2013-01-18	24.209670021548554		
2013-01-19	21.375731917160316		
2013-01-20	19.490681052436383		
2013-01-21	20.829442139181488		
2013-01-22	176.47133525869617		
2013-01-23	29.807813191657086		
2013-01-24	25.809225085040453		
2013-01-25	17.173224922215983		
2013-01-26	18.465786042242907		
2013-01-27	19.661133167268783		
2013-01-28	25.61098316503346		
2013-01-29	22.840765653826924		
2013-01-30	29.60820082814993		
2013-01-31	150.5636534566219		
2013-02-01	31.490973781784355		
2013-02-02	22.253165968272615		
2013-02-03	21.85937660627548		
2013-02-04	22.097877249262137		
2013-02-05	20.17444567885664		
2013-02-06	19.097358947355204		
2013-02-07	23.01938795255789		
2013-02-08	17.502815776057307		
2013-02-09	14.582666534786206		
2013-02-10	35.02180377778774		
2013-02-11	20.604081599478192		
2013-02-12	23.970308617121177		
2013-02-13	19.731047408182228	1.0	CA
2013-02-14	16.96462276778604		
2013-02-15	17.670932495536697		
2013-02-16	15.978181886869153		
2013-02-17	18.97299950845582		
2013-02-18	18.683947107378316		
2013-02-19	22.984308753134492		
2013-02-20	21.205963014317277		
2013-02-21	18.491782520671084		
2013-02-22	17.553717575678007		
2013-02-23	14.521625421802502		
2013-02-24	16.48971934161537		
2013-02-25	18.448285258124614		
2013-02-26	29.108276395628273		
2013-02-27	23.150034081301296		
2013-02-28	17.176806065530116		
2013-03-01	20.054687301552992		
2013-03-02	14.453146512293772		
2013-03-03	19.417819447526917		
2013-03-04	21.752497217273287		
2013-03-05	17.3682847685282		
2013-03-06	34.89929015171524		
2013-03-07	24.417831550849126		
2013-03-08	14.757785992672021		
2013-03-09	18.340438064774872		
2013-03-10	16.949257501886134		
2013-03-11	21.286280993922826		
2013-03-12	14.764603735665112		
2013-03-13	17.117098651778523		
2013-03-14	18.93433983906513		
2013-03-15	14.545292634321743		
2013-03-16	13.144014537652664		
2013-03-17	15.90595221978282		
2013-03-18	17.818705646057616		
2013-03-19	21.929552222169384		
2013-03-20	25.392028643017618		
2013-03-21	18.90602742733741		
2013-03-22	15.62781128535266		
2013-03-23	12.332785882376326		
2013-03-24	13.601977585172236		
2013-03-25	13.965569569633171		
2013-03-26	13.86175286357016		
2013-03-27	19.275220597418038		
2013-03-28	17.354286541204413		
2013-03-29	13.944466791262185		
2013-03-30	14.15819425034535		
2013-03-31	13.757097542678135		
2013-04-01	17.80023379542119		
2013-04-02	13.548319617401647		
2013-04-03	15.138005012133373		
2013-04-04	17.16530672971049		
2013-04-05	16.552700921001875		
2013-04-06	13.78839172316289		
2013-04-07	15.32655700835973		
2013-04-08	20.314161351242273		
2013-04-09	15.057988090100299		
2013-04-10	12.978121129637875		
2013-04-11	22.78255997519269		
2013-04-12	30.21541163804399		
2013-04-13	14.080248692340838		
2013-04-14	15.17877446002226		
2013-04-15	52.49698552465932		
2013-04-16	20.263810284257634		
2013-04-17	26.013479155930167		
2013-04-18	24.453503512588515		
2013-04-19	27.215265411426397		
2013-04-20	15.310477759211615		
2013-04-21	14.876363282430626		
2013-04-22	23.98225492203273		
2013-04-23	14.791443267877488		
2013-04-24	19.765003954048776		
2013-04-25	13.974092033370132		
2013-04-26	16.934607081079935		
2013-04-27	10.226239669376533		
2013-04-28	14.96146109585424		
2013-04-29	27.360350613211754		
2013-04-30	17.598640898020065		
2013-05-01	14.081259498456427		
2013-05-02	13.2197838820102		
2013-05-03	12.84289696657886		
2013-05-04	9.80811842026926		
2013-05-05	14.236975780098232		
2013-05-06	15.376929775378812		
2013-05-07	16.34557168305225		
2013-05-08	18.626433951412313		
2013-05-09	12.224017669495856		
2013-05-10	12.88960299174513		
2013-05-11	8.737557517232071		
2013-05-12	14.01661121084647		
2013-05-13	13.203086797032132		
2013-05-14	15.143216617345068		
2013-05-15	13.480511312409018		
2013-05-16	15.041468926031245		
2013-05-17	11.633124422494783		
2013-05-18	8.997227042548671		
2013-05-19	10.52312435981206		
2013-05-20	16.987575200987198		
2013-05-21	14.60926535495956		
2013-05-22	14.153860641129212		
2013-05-23	11.72812077039453		
2013-05-24	15.655351546994803		
2013-05-25	13.391514415078479		
2013-05-26	12.73587631488252		
2013-05-27	12.868496281311911		
2013-05-28	13.158782120800334		
2013-05-29	11.22702591584855		
2013-05-30	13.155481330399642		
2013-05-31	14.43151108040789		
2013-06-01	16.401552878211376		
2013-06-02	20.472052277103945		
2013-06-03	18.553555275261502		
2013-06-04	15.893061912753533		
2013-06-05	13.643104491321576		
2013-06-06	16.104967220971766		
2013-06-07	24.020986707349774	4.0	CA
2013-06-08	16.56725135290693		
2013-06-09	17.274620366357475		
2013-06-10	13.695399749798684		
2013-06-11	17.9443105327614		
2013-06-12	12.989029441679799		
2013-06-13	18.04480219374419		
2013-06-14	20.807341849339558		
2013-06-15	16.044289809073756		
2013-06-16	14.931262907690458		
2013-06-17	12.036468254066547		
2013-06-18	13.596397985469522		
2013-06-19	12.239413229646178		
2013-06-20	12.154546705915582	2.0	FL
2013-06-21	8.916312027917526		
2013-06-22	10.02196192692743		
2013-06-23	11.086585593877476		
2013-06-24	8.664221870803923		
2013-06-25	9.231941388006366		
2013-06-26	10.182713319545977		
2013-06-27	11.023611016091674		
2013-06-28	9.967921981074655		
2013-06-29	9.489046669747092		
2013-06-30	10.673993056307394		
2013-07-01	10.643145547221392		
2013-07-02	10.478537501963062		
2013-07-03	10.490600538912679		
2013-07-04	14.25630210571547		
2013-07-05	10.010147932401045		
2013-07-06	9.250978689050461		
2013-07-07	10.36205660178257		
2013-07-08	11.720688040652954		
2013-07-09	10.499456007242681		
2013-07-10	17.197986237339133		
2013-07-11	12.108698214223015		
2013-07-12	11.95404711521536		
2013-07-13	12.556247666581518		
2013-07-14	10.983249853925653		
2013-07-15	11.26856098011874		
2013-07-16	10.054018058405855		
2013-07-17	13.423452686274056		
2013-07-18	23.703583994873057		
2013-07-19	9.38306090232063		
2013-07-20	9.305809441252864		
2013-07-21	9.452868891934898		
2013-07-22	10.450962441162384		
2013-07-23	9.38251305387993		
2013-07-24	7.971654654908321		
2013-07-25	9.273038440867689		
2013-07-26	7.198767879457661		
2013-07-27	7.180956484356086		
2013-07-28	7.764954237914166		
2013-07-29	9.91541105799018		
2013-07-30	11.032411218266319		
2013-07-31	10.431529706728881		
2013-08-01	10.628846770490654		
2013-08-02	10.89548405758666		
2013-08-03	8.93671377568753		
2013-08-04	12.51496573512918		
2013-08-05	9.52328232087883		
2013-08-06	10.569160630368817		
2013-08-07	11.60383273537149		
2013-08-08	10.906680269836185		
2013-08-09	10.523127590401067		
2013-08-10	10.157823067236057		
2013-08-11	11.457468685384839		
2013-08-12	12.204581693159719		
2013-08-13	13.613958773120926		
2013-08-14	10.758348799485175		
2013-08-15	11.946107612139897		
2013-08-16	10.627103733719627		
2013-08-17	10.095870612523226		
2013-08-18	11.434880126710873		
2013-08-19	11.89382747036186		
2013-08-20	51.737515771664675		
2013-08-21	45.79676853137869		
2013-08-22	32.643018922886675		
2013-08-23	17.017976874417535	1.0	MS
2013-08-24	10.247926285797758		
2013-08-25	12.720929601494776		
2013-08-26	13.857315875093159		
2013-08-27	12.628304911203017		
2013-08-28	11.88605299297987		
2013-08-29	11.549099890607305		
2013-08-30	21.406917861088846		
2013-08-31	15.176208506745416		
2013-09-01	9.308846068976813		
2013-09-02	12.861315745635615		
2013-09-03	13.908948287204524		
2013-09-04	14.65725258936696		
2013-09-05	12.45101949480393		
2013-09-06	8.774001245589846		
2013-09-07	9.067011558515855		
2013-09-08	10.25240790911173		
2013-09-09	11.459503733940988		
2013-09-10	14.758450432982873		
2013-09-11	12.704249687013485		
2013-09-12	11.018621550120402		
2013-09-13	10.87318259989926		
2013-09-14	11.28591548926672		
2013-09-15	11.636010363242393		
2013-09-16	34.238850523414385		
2013-09-17	17.17508049099507		
2013-09-18	12.941381751729057		
2013-09-19	11.207979918081529		
2013-09-20	9.52461054102547		
2013-09-21	8.908114615721408	1.0	GA
2013-09-22	9.980440690977607		
2013-09-23	10.095236232899802		
2013-09-24	9.50176056659729		
2013-09-25	14.96517706714366		
2013-09-26	10.427411279658974		
2013-09-27	10.655648990780247		
2013-09-28	10.286244103292335		
2013-09-29	10.830476826408553		
2013-09-30	10.007252761432488		
2013-10-01	10.94620021071033		
2013-10-02	9.708329096451664		
2013-10-03	13.182809171224639		
2013-10-04	11.892074400887466		
2013-10-05	10.43138448925745		
2013-10-06	11.847410961700016		
2013-10-07	11.63449954882213		
2013-10-08	12.830503359349558		
2013-10-09	11.386552238244018		
2013-10-10	11.654807779421231		
2013-10-11	11.56571840209785		
2013-10-12	10.107768871264648		
2013-10-13	11.16009652809397		
2013-10-14	12.23866136553918		
2013-10-15	11.654863409203319		
2013-10-16	10.846496049311721		
2013-10-17	10.010873000338396		
2013-10-18	8.001407239622868		
2013-10-19	7.846431340155546		
2013-10-20	8.614501948585161		
2013-10-21	126.70512310127442	1.0	NV
2013-10-22	39.03820069581127		
2013-10-23	21.12243747617691		
2013-10-24	15.283795572024887		
2013-10-25	11.357704291922134		
2013-10-26	7.003114620177651		
2013-10-27	8.766655801269712		
2013-10-28	10.494833389531902		
2013-10-29	10.837301581876075		
2013-10-30	9.801378782293204		
2013-10-31	11.211260126917775		
2013-11-01	15.44149655302067		
2013-11-02	9.740433153842373		
2013-11-03	10.550310944952148		
2013-11-04	13.46734947441109		
2013-11-05	13.697600180448385		
2013-11-06	11.21363777350193		
2013-11-07	11.122742057374637		
2013-11-08	10.919618014190064		
2013-11-09	8.818848326395289		
2013-11-10	11.249256970807092		
2013-11-11	10.347107243309361		
2013-11-12	10.839394614745629		
2013-11-13	40.213650255624636		
2013-11-14	14.727645138405375		
2013-11-15	10.067548246223716		
2013-11-16	8.786310068053032		
2013-11-17	8.451762483885666		
2013-11-18	9.904626488297614		
2013-11-19	13.382979608950514		
2013-11-20	10.901289227449505		
2013-11-21	9.589018331155692		
2013-11-22	11.372619077764865		
2013-11-23	7.729972951582656		
2013-11-24	8.971390836362469		
2013-11-25	18.415641378938123		
2013-11-26	12.360404926067933		
2013-11-27	9.138785917389768		
2013-11-28	8.130062649377324		
2013-11-29	7.314941666570454		
2013-11-30	8.196847680067076		
2013-12-01	8.75420620297304		
2013-12-02	9.804088714481981		
2013-12-03	9.719283681651964		
2013-12-04	24.189186518045357		
2013-12-05	10.846436137620442		
2013-12-06	10.810682075600562		
2013-12-07	8.538475983628974		
2013-12-08	11.420868349881896		
2013-12-09	10.22327211030266		
2013-12-10	11.526826082995363		
2013-12-11	8.719957231963607		
2013-12-12	11.0257883067165		
2013-12-13	296.26135172180693	1.0	CO
2013-12-14	83.59627380732258		
2013-12-15	38.33706372393458		
2013-12-16	34.648919124250725		
2013-12-17	20.04097841349581		
2013-12-18	13.278947303635539		
2013-12-19	16.41687791522509		
2013-12-20	18.075633018460973		
2013-12-21	38.920850818489356		
2013-12-22	21.82813685523414		
2013-12-23	11.50817690814049		
2013-12-24	8.911133549311538		
2013-12-25	7.600640277937013		
2013-12-26	8.909395858860867		
2013-12-27	14.17853475935313		
2013-12-28	11.323369367410084		
2013-12-29	8.724363805005419		
2013-12-30	11.167932733716318		
2013-12-31	10.066446797288409		
2014-01-01	14.417803266914671		
2014-01-02	12.118099195986911		
2014-01-03	11.12565201075335		
2014-01-04	11.671973767238958		
2014-01-05	15.16484096505699		
2014-01-06	14.676398928925998		
2014-01-07	12.271465861658506		
2014-01-08	12.630811227405607		
2014-01-09	12.658460018120678		
2014-01-10	12.182492500861638		
2014-01-11	9.942646483632455		
2014-01-12	9.980556674928767		
2014-01-13	10.518448214859275		
2014-01-14	109.7426127597101		
2014-01-15	35.88726783821507		
2014-01-16	21.470588259865632		
2014-01-17	39.21206643103876		
2014-01-18	23.95628909766366		
2014-01-19	13.323450951442437		
2014-01-20	14.989783924058726		
2014-01-21	44.474278555363355	1.0	IN
2014-01-22	44.5940841456034		
2014-01-23	23.06595624608164		
2014-01-24	36.308435291724244	1.0	SC
2014-01-25	26.269141387715973	1.0	CA
2014-01-26	14.650569894429267		
2014-01-27	17.5269996957273		
2014-01-28	34.05455062285148		
2014-01-29	19.137403670415402		
2014-01-30	14.061421160269143		
2014-01-31	12.794587948807365		
2014-02-01	11.706347753723458		
2014-02-02	11.839718075419004		
2014-02-03	23.70392899934441		
2014-02-04	13.708783888440172		
2014-02-05	11.794447830281023		
2014-02-06	11.644559798830953		
2014-02-07	11.108177515217953		
2014-02-08	10.111886648662262		
2014-02-09	10.422680855978872		
2014-02-10	14.41785111406047		
2014-02-11	14.020841551757252		
2014-02-12	13.61103595203913		
2014-02-13	13.269467107888024		
2014-02-14	12.341043474899973		
2014-02-15	10.047011268751842		
2014-02-16	9.515687345815865		
2014-02-17	12.594980421484602		
2014-02-18	16.470685378462182		
2014-02-19	14.131243613340288		
2014-02-20	14.860219582482257		
2014-02-21	12.793115356388498		
2014-02-22	9.05479139696866		
2014-02-23	11.892354242008395		
2014-02-24	11.60048942177255		
2014-02-25	12.968350661851138		
2014-02-26	11.803160707837101		
2014-02-27	14.723409941742508		
2014-02-28	11.53952480236864		
2014-03-01	9.337903307127105		
2014-03-02	11.627634653356901		
2014-03-03	12.252942953658861		
2014-03-04	11.801481496244188		
2014-03-05	10.511068249732205		
2014-03-06	12.627612832849385		
2014-03-07	12.057531616347541		
2014-03-08	11.188983755760578		
2014-03-09	10.39408778104657		
2014-03-10	11.172656095971481		
2014-03-11	18.56618839196929		
2014-03-12	13.936355354567775		
2014-03-13	11.386259789943736		
2014-03-14	11.03963951950228		
2014-03-15	9.635523972277904		
2014-03-16	10.4869175251851		
2014-03-17	9.380677225784584		
2014-03-18	8.804581158321838		
2014-03-19	10.080270066272838		
2014-03-20	11.842605986790527		
2014-03-21	11.547570795269653		
2014-03-22	9.296621835218728		
2014-03-23	10.455226991858527		
2014-03-24	10.281405133311486		
2014-03-25	9.398992954753647		
2014-03-26	10.684146156698944		
2014-03-27	10.284424843540625		
2014-03-28	10.404242043672632		
2014-03-29	10.164534373233703		
2014-03-30	10.398511648577582		
2014-03-31	12.72415662337899		
2014-04-01	10.434285945265355		
2014-04-02	14.813383378252375		
2014-04-03	12.084906190119407		
2014-04-04	9.433383533359025		
2014-04-05	8.435353940515608		
2014-04-06	7.678228445164932		
2014-04-07	10.70523737190601		
2014-04-08	9.261053002059983		
2014-04-09	17.842866231935826		
2014-04-10	14.148980539385901		
2014-04-11	9.27890693443115	1.0	MI
2014-04-12	7.093965870676143		
2014-04-13	9.466906630827046		
2014-04-14	9.816228208145507		
2014-04-15	9.557055966805109		
2014-04-16	11.374673824457444		
2014-04-17	8.235684394958698		
2014-04-18	7.261571280037533		
2014-04-19	7.23187686354619		
2014-04-20	39.34339320001662		
2014-04-21	12.43288239611072	1.0	IN
2014-04-22	9.259517708071932		
2014-04-23	8.808139103494199		
2014-04-24	10.184377576128421		
2014-04-25	7.647778837070385		
2014-04-26	7.892407983840335		
2014-04-28	11.231801099146763		
2014-04-29	9.9480841644779		
2014-04-30	10.44030866999546		
2014-05-01	10.528676592576524		
2014-05-02	9.47918365270383		
2014-05-03	6.623204529533311		
2014-05-04	9.640445762936704		
2014-05-05	10.523676900784723		
2014-05-06	9.985790297516983		
2014-05-07	9.117101273441326		
2014-05-08	8.906104086916296		
2014-05-09	10.138302529349724		
2014-05-10	9.592071626783632		
2014-05-11	7.3187824774500125		
2014-05-12	12.675880993565356		
2014-05-13	13.016371647294033		
2014-05-14	12.523646072791003		
2014-05-15	8.935873208325507		
2014-05-16	9.78277142497618		
2014-05-17	7.466941000641824		
2014-05-18	8.130696545957028		
2014-05-19	9.552998673347211		
2014-05-20	10.240264939620566		
2014-05-21	10.188889396472074		
2014-05-22	9.30361013328629		
2014-05-23	7.455873753248674	6.0	CA
2014-05-24	11.54669018310863		
2014-05-25	11.320629188891798		
2014-05-26	23.842115468309647		
2014-05-27	19.15809466209595		
2014-05-28	19.15429653221067		
2014-05-29	13.03524447320161		
2014-05-30	12.862405446726083		
2014-05-31	9.149351271301366		
2014-06-01	10.818117753194155		
2014-06-02	11.362057247434604		
2014-06-03	9.371293891436787		
2014-06-04	10.804518267568664		
2014-06-05	26.139558548557318	1.0	WA
2014-06-06	18.514815482159918		
2014-06-07	12.747101920363912		
2014-06-08	14.939535075601631		
2014-06-09	22.694941032869462		
2014-06-10	326.42430228930544	1.0	OR
2014-06-11	130.69492660382755		
2014-06-12	48.088922300265324		
2014-06-13	28.8571923052278		
2014-06-14	20.875370474181494		
2014-06-15	20.346176394211618		
2014-06-16	23.616825132831604		
2014-06-17	15.10414793256432		
2014-06-18	27.445155214709562		
2014-06-19	50.707057541757074		
2014-06-20	44.3777123676177		
2014-06-21	27.545595551944327		
2014-06-22	32.378957576651516		
2014-06-23	22.802086417202826		
2014-06-24	18.304324098289257		
2014-06-25	13.350526451366047		
2014-06-26	16.718991124459873		
2014-06-27	13.504966939545202		
2014-06-28	12.663223993137882		
2014-06-29	10.890433376337622		
2014-06-30	11.027715239910977		
2014-07-01	13.084984504138426		
2014-07-02	21.9131160842783		
2014-07-03	15.746491624057045		
2014-07-04	13.166923925286003		
2014-07-05	10.135983900148794		
2014-07-06	13.934330757973092		
2014-07-07	13.33555727509647		
2014-07-08	10.308265347347229		
2014-07-09	9.978819213487645		
2014-07-10	10.908291045525047		
2014-07-11	12.139499722414385		
2014-07-12	9.17933338334917		
2014-07-13	10.58144662270841		
2014-07-14	9.101071926815223		
2014-07-15	11.094899196418417		
2014-07-16	7.37002136124036		
2014-07-17	8.695222319444264		
2014-07-18	12.457097906494633		
2014-07-19	10.85001466779118		
2014-07-20	10.386000184640004		
2014-07-21	11.618438557776791		
2014-07-22	12.037881396034972		
2014-07-23	10.156111380281253		
2014-07-24	14.459114302700707		
2014-07-25	12.077980337048011		
2014-07-26	12.552308051951197		
2014-07-27	16.155085659601276		
2014-07-28	9.979042723847158		
2014-07-29	13.564685490782033		
2014-07-30	12.785619961516176		
2014-07-31	9.447040223511246		
2014-08-01	8.504280808060303		
2014-08-02	8.324846247184855		
2014-08-03	10.128494974289291		
2014-08-04	11.02708804177462		
2014-08-05	9.342211494735619		
2014-08-06	12.643608203201985		
2014-08-07	11.654134022613421		
2014-08-08	12.426708833668664		
2014-08-09	11.772728867229684		
2014-08-10	12.244917586380767		
2014-08-11	15.067637567663166		
2014-08-12	11.002886205935756		
2014-08-13	11.91623442204005		
2014-08-14	12.765515999931486		
2014-08-15	11.72276417625615		
2014-08-16	9.20218205646516		
2014-08-17	11.131072958756615		
2014-08-18	15.715472426814905		
2014-08-19	23.865342793356493		
2014-08-20	17.741616685438863		
2014-08-21	16.737286449064253		
2014-08-22	9.544978681188573		
2014-08-23	7.661664115629762		
2014-08-24	11.432672012922845		
2014-08-25	12.555783320464734		
2014-08-26	7.5444301269995835		
2014-08-27	10.759762003189376		
2014-08-28	11.408184618234767		
2014-08-29	8.105313097730997		
2014-08-30	8.345605138054886		
2014-08-31	7.998834988903035		
2014-09-01	11.805007157744974		
2014-09-02	11.13235173320031		
2014-09-03	13.529768288481366		
2014-09-04	10.560721934176069		
2014-09-05	9.36140680011767		
2014-09-06	10.264656181424161		
2014-09-07	10.27686956314441		
2014-09-08	10.316176441097516		
2014-09-09	9.876783777646288		
2014-09-10	7.828597522766836		
2014-09-11	15.361647337251936		
2014-09-12	19.560909527100403		
2014-09-13	9.50333969362518		
2014-09-14	9.425488130473646		
2014-09-15	12.667728396943739		
2014-09-16	11.287268834544928		
2014-09-17	11.321389673227355		
2014-09-18	10.04591245291105		
2014-09-19	10.272803554072691		
2014-09-20	8.49915472758399		
2014-09-21	8.661256045686825		
2014-09-22	10.495871300497468		
2014-09-23	10.789392917642546		
2014-09-24	12.393085711774612		
2014-09-25	8.985795967888924		
2014-09-26	9.4553458161408		
2014-09-27	8.010786930946784		
2014-09-28	9.261595462716981		
2014-09-29	12.390305809319168		
2014-09-30	41.108178049495734		
2014-10-01	14.653831584921885		
2014-10-02	10.68918616725261		
2014-10-03	8.826407021053729		
2014-10-04	5.746300488648155		
2014-10-05	6.885613651027097		
2014-10-06	16.584131033792374		
2014-10-07	10.57411057569945		
2014-10-08	8.19129842505326		
2014-10-09	23.410237028010286		
2014-10-10	8.643887902233676		
2014-10-11	6.477510445768375		
2014-10-12	12.752940719263295		
2014-10-13	12.29047030899959		
2014-10-14	21.2830813463962		
2014-10-15	27.42685425412679		
2014-10-16	18.876029200745272		
2014-10-17	8.539055628249884		
2014-10-18	9.992515000065412		
2014-10-19	7.389258920720341		
2014-10-20	12.921781237483854		
2014-10-21	9.20316685409035		
2014-10-22	26.584828488623543		
2014-10-23	14.61629233163062		
2014-10-24	279.2340902989438	3.0	WA
2014-10-25	75.91013946828755		
2014-10-26	35.671767862665		
2014-10-27	63.29193848705155		
2014-10-28	22.466689303558162		
2014-10-29	16.848186688961537		
